date,respondent,total_demand,total_generation,net_surplus
2026-09-18,CAL,818110.0,610566.0,-207544.0
2026-09-18,US48,13441293.0,13237915.0,-203378.0
2026-09-18,CISO,680144.0,495098.0,-185046.0
2026-09-18,NYIS,451755.0,387466.0,-64289.0
2026-09-18,NY,451755.0,387466.0,-64289.0
2026-09-18,TVA,590856.0,531902.0,-58954.0
2026-09-18,TEN,590856.0,531902.0,-58954.0
2026-09-18,PSEI,59301.0,8653.0,-50648.0
2026-09-18,MIDW,2260123.0,2211060.0,-49063.0
2026-09-18,CAR,737602.0,694371.0,-43231.0
2026-09-18,PGE,64093.0,26553.0,-37540.0
2026-09-18,FPC,189841.0,155379.0,-34462.0
2026-09-18,AZPS,124194.0,91999.0,-32195.0
2026-09-18,DUK,362637.0,331790.0,-30847.0
2026-09-18,PACW,53184.0,24021.0,-29163.0
2026-09-18,NW,1000885.0,974959.0,-25926.0
2026-09-18,AECI,79205.0,59068.0,-20137.0
2026-09-18,LDWP,70255.0,50139.0,-20116.0
2026-09-18,SC,80595.0,61628.0,-18967.0
2026-09-18,MISO,2049143.0,2031372.0,-17771.0
2026-09-18,IPCO,50776.0,35404.0,-15372.0
2026-09-18,JEA,42507.0,27691.0,-14816.0
2026-09-18,SCL,22436.0,10931.0,-11505.0
2026-09-18,LGEE,131775.0,120620.0,-11155.0
2026-09-18,SWPW,70329.0,60785.0,-9544.0
2026-09-18,EPE,32201.0,23068.0,-9133.0
2026-09-18,AVA,30170.0,21045.0,-9125.0
2026-09-18,TPWR,10587.0,3308.0,-7279.0
2026-09-18,NEVP,125453.0,119286.0,-6167.0
2026-09-18,BANC,46610.0,41772.0,-4838.0
2026-09-18,FLA,835756.0,831622.0,-4134.0
2026-09-18,ERCO,1666962.0,1664001.0,-2961.0
2026-09-18,TEX,1666962.0,1664001.0,-2961.0
2026-09-18,FMPP,58978.0,56326.0,-2652.0
2026-09-18,TIDC,8252.0,5787.0,-2465.0
2026-09-18,HST,1861.0,4.0,-1857.0
2026-09-18,GCPD,16856.0,15008.0,-1848.0
2026-09-18,CPLW,14073.0,12533.0,-1540.0
2026-09-18,GVL,6754.0,5707.0,-1047.0
2026-09-18,BHBA,21097.0,20242.0,-855.0
2026-09-18,PNM,42763.0,42195.0,-568.0
2026-09-18,NE,327799.0,327430.0,-369.0
2026-09-18,ISNE,327799.0,327430.0,-369.0
2026-09-18,DOPD,6069.0,6062.0,-7.0
2026-09-18,TAL,9476.0,9722.0,246.0
2026-09-18,TEPC,45943.0,47063.0,1120.0
2026-09-18,SPA,529.0,2034.0,1505.0
2026-09-18,TEC,71446.0,73387.0,1941.0
2026-09-18,SCEG,79955.0,83258.0,3303.0
2026-09-18,CPLE,200342.0,204231.0,3889.0
2026-09-18,IID,12849.0,17770.0,4921.0
2026-09-18,WALC,28182.0,33631.0,5449.0
2026-09-18,FPL,449241.0,456016.0,6775.0
2026-09-18,CHPD,4324.0,13109.0,8785.0
2026-09-18,PSCO,128221.0,142887.0,14666.0
2026-09-18,PACE,152066.0,167150.0,15084.0
2026-09-18,BPAT,156552.0,173125.0,16573.0
2026-09-18,NWMT,29371.0,55105.0,25734.0
2026-09-18,SWPP,1015958.0,1055276.0,39318.0
2026-09-18,CENT,1016487.0,1057310.0,40823.0
2026-09-18,SEC,5652.0,47390.0,41738.0
2026-09-18,SOCO,748024.0,791343.0,43319.0
2026-09-18,SE,748024.0,794968.0,46944.0
2026-09-18,SW,369852.0,447053.0,77201.0
2026-09-18,MIDA,2617082.0,2705207.0,88125.0
2026-09-18,PJM,2617082.0,2705207.0,88125.0
2026-09-18,SRP,96569.0,201461.0,104892.0
